time,pm10,pm25,co,no2,so2,o3,temperature,humidity,wind_speed,pressure_msl
2024-01-01,68.5,45.2,615.0,15.4,19.9,91.0,17.8,53.0,13.8,1017.6
2024-01-02,42.3,29.4,746.0,16.7,18.7,99.0,17.2,61.0,10.0,1017.9
2024-01-03,84.8,58.7,1246.0,75.3,25.8,30.0,20.0,85.0,3.3,1016.0
2024-01-04,58.7,36.7,435.0,15.7,13.8,80.0,18.4,54.0,15.6,1016.4
2024-01-05,94.8,58.9,620.0,16.4,14.1,90.0,17.1,58.0,17.3,1017.0
2024-01-06,93.4,58.6,652.0,11.5,15.3,93.0,17.7,60.0,16.3,1018.3
2024-01-07,78.9,49.6,653.0,12.4,19.1,89.0,17.2,62.0,18.7,1018.6
2024-01-08,63.8,43.2,750.0,13.5,21.5,102.0,16.3,59.0,13.5,1019.1
2024-01-09,64.7,43.8,841.0,42.6,18.8,57.0,17.3,53.0,12.9,1019.3
2024-01-10,65.4,43.3,732.0,12.7,18.9,98.0,15.3,65.0,15.7,1021.2
2024-01-11,50.1,32.9,645.0,23.0,18.7,65.0,14.9,52.0,10.7,1018.8
2024-01-12,76.8,52.6,1589.0,78.4,24.2,18.0,15.4,74.0,5.9,1017.2
2024-01-13,76.8,52.6,1589.0,78.4,24.2,18.0,15.4,74.0,5.9,1017.2
2024-01-14,38.1,21.1,571.0,50.9,8.1,29.0,19.6,88.0,3.1,1016.3
2024-01-15,38.1,21.1,571.0,50.9,8.1,29.0,19.6,88.0,3.1,1016.3
2024-01-16,64.3,30.4,546.0,43.7,7.7,38.0,20.0,93.0,10.5,1014.2
2024-01-17,84.1,33.6,721.0,66.3,10.8,20.0,20.1,94.0,4.8,1011.5
2024-01-18,108.7,67.3,725.0,13.1,17.4,92.0,18.9,55.0,17.8,1015.4
2024-01-19,85.9,56.9,941.0,38.0,23.4,63.0,18.1,58.0,9.4,1016.6
2024-01-20,85.9,56.9,941.0,38.0,23.4,63.0,18.1,58.0,9.4,1016.6
2024-01-21,68.2,39.7,874.0,65.4,9.7,12.0,18.9,93.0,5.6,1017.7
2024-01-22,68.2,39.7,874.0,65.4,9.7,12.0,18.9,93.0,5.6,1017.7
2024-01-23,61.5,27.9,430.0,37.0,6.1,36.0,19.2,89.0,9.7,1018.1
2024-01-24,93.6,56.2,724.0,25.7,16.2,65.0,17.8,56.0,10.0,1017.5
2024-01-25,93.6,56.2,724.0,25.7,16.2,65.0,17.8,56.0,10.0,1017.5
2024-01-26,93.6,56.2,724.0,25.7,16.2,65.0,17.8,56.0,10.0,1017.5
2024-01-27,99.2,63.3,771.0,13.0,14.0,95.0,18.3,58.0,18.4,1020.9
2024-01-28,98.0,61.0,969.0,32.8,21.4,70.0,17.6,60.0,10.3,1018.6
2024-01-29,81.7,45.4,483.0,18.9,5.4,87.0,21.1,84.0,13.1,1016.6
2024-01-30,46.8,23.2,413.0,31.5,5.7,44.0,20.4,94.0,5.2,1017.7
2024-01-31,65.2,25.8,433.0,33.5,6.3,42.0,21.5,89.0,12.2,1015.6
2024-02-01,57.9,23.0,317.0,18.7,5.1,71.0,21.4,93.0,12.2,1014.2
2024-02-02,104.8,37.5,424.0,32.7,12.0,49.0,22.4,71.0,8.8,1016.0
2024-02-03,104.8,37.5,424.0,32.7,12.0,49.0,22.4,71.0,8.8,1016.0
2024-02-04,104.8,37.5,424.0,32.7,12.0,49.0,22.4,71.0,8.8,1016.0
2024-02-05,41.4,22.6,564.0,46.4,7.4,43.0,19.9,89.0,7.6,1016.5
2024-02-06,47.1,24.1,556.0,44.5,7.2,45.0,20.6,76.0,10.9,1016.8
2024-02-07,53.2,24.3,402.0,27.8,4.7,65.0,21.1,81.0,9.4,1018.2
2024-02-08,65.4,36.8,392.0,12.1,9.5,84.0,18.9,62.0,16.6,1022.1
2024-02-09,49.7,31.1,844.0,65.3,14.2,24.0,16.0,56.0,8.3,1019.4
2024-02-10,59.1,28.1,560.0,39.5,8.4,57.0,18.7,83.0,8.8,1018.9
2024-02-11,36.9,24.7,612.0,44.0,14.6,59.0,17.7,64.0,9.0,1020.7
2024-02-12,44.1,29.6,656.0,49.9,15.0,46.0,18.4,42.0,11.2,1019.9
2024-02-13,44.1,29.6,656.0,49.9,15.0,46.0,18.4,42.0,11.2,1019.9
2024-02-14,91.5,59.5,1717.0,80.8,23.7,14.0,18.9,86.0,8.0,1020.2
2024-02-15,91.5,59.5,1717.0,80.8,23.7,14.0,18.9,86.0,8.0,1020.2
2024-02-16,91.5,59.5,1717.0,80.8,23.7,14.0,18.9,86.0,8.0,1020.2
2024-02-17,91.5,59.5,1717.0,80.8,23.7,14.0,18.9,86.0,8.0,1020.2
2024-02-18,29.6,15.7,413.0,30.6,7.5,53.0,20.0,86.0,11.9,1013.0
2024-02-19,36.2,20.4,272.0,9.4,3.7,93.0,22.7,91.0,24.2,1009.5
2024-02-20,55.6,22.9,263.0,12.0,3.7,84.0,22.7,90.0,18.4,1011.7
2024-02-21,55.9,27.7,261.0,13.2,3.9,85.0,22.0,77.0,19.5,1011.8
2024-02-22,37.3,17.3,322.0,18.9,5.0,84.0,21.5,85.0,13.0,1012.5
2024-02-23,89.4,38.0,945.0,79.2,13.8,21.0,18.4,25.0,11.2,1016.6
2024-02-24,60.3,20.9,349.0,21.2,8.2,84.0,19.2,67.0,12.7,1015.5
2024-02-25,58.2,22.8,394.0,25.8,10.1,71.0,19.6,79.0,7.6,1015.3
2024-02-26,38.5,19.0,297.0,12.4,9.4,86.0,22.2,25.0,23.8,1014.8
2024-02-27,78.0,38.5,312.0,5.8,9.2,97.0,18.4,53.0,33.9,1015.6
2024-02-28,41.3,25.0,363.0,11.6,11.1,93.0,19.7,52.0,24.3,1017.2
2024-02-29,55.5,27.2,408.0,17.9,13.0,77.0,20.9,50.0,15.9,1014.0
2024-03-01,62.9,22.6,452.0,24.0,7.1,100.0,22.2,68.0,6.6,1012.2
2024-03-02,68.0,22.1,224.0,12.4,3.9,61.0,20.1,89.0,5.8,1011.1
2024-03-03,59.0,17.4,269.0,12.8,8.7,78.0,14.6,46.0,22.0,1014.2
2024-03-04,90.3,35.2,386.0,26.8,6.0,55.0,13.9,60.0,8.7,1015.3
2024-03-05,63.3,29.6,574.0,43.7,11.4,42.0,15.7,48.0,12.1,1018.1
2024-03-06,35.0,21.4,498.0,32.5,14.2,51.0,17.6,35.0,12.2,1017.4
2024-03-07,46.9,22.0,300.0,14.1,9.0,104.0,20.0,65.0,11.6,1015.5
2024-03-08,51.5,23.6,405.0,30.0,6.2,52.0,20.2,69.0,12.9,1016.1
2024-03-09,68.7,38.2,632.0,42.1,13.8,69.0,20.3,53.0,10.8,1016.8
2024-03-10,81.0,46.8,792.0,48.2,15.1,75.0,21.5,55.0,9.8,1015.6
2024-03-11,72.4,35.0,472.0,25.8,16.8,77.0,19.1,75.0,11.6,1016.9
2024-03-12,54.8,26.8,360.0,23.0,7.1,64.0,21.3,96.0,9.6,1016.7
2024-03-13,22.2,13.0,237.0,13.8,4.4,55.0,22.0,90.0,18.8,1015.3
2024-03-14,150.9,53.4,261.0,13.2,5.7,78.0,22.5,48.0,18.0,1014.0
2024-03-15,81.3,43.8,761.0,62.9,11.8,38.0,20.0,60.0,12.7,1014.7
2024-03-16,58.6,32.9,524.0,37.9,10.7,61.0,21.2,55.0,11.2,1014.8
2024-03-17,43.1,19.1,342.0,24.0,5.5,59.0,22.5,36.0,10.8,1014.1
2024-03-18,51.0,21.5,350.0,21.9,7.9,71.0,23.4,50.0,11.8,1014.6
2024-03-19,46.2,21.1,377.0,25.5,8.1,69.0,23.5,61.0,13.1,1013.4
2024-03-20,58.7,17.2,295.0,20.4,5.4,56.0,23.0,79.0,9.8,1013.2
2024-03-21,75.2,24.2,349.0,26.4,5.8,50.0,22.6,80.0,12.2,1013.3
2024-03-22,55.8,30.6,259.0,12.1,4.5,81.0,24.1,67.0,14.5,1010.5
2024-03-23,56.2,20.5,264.0,14.7,4.5,68.0,23.7,93.0,12.3,1009.7
2024-03-24,40.4,17.6,219.0,14.4,4.5,52.0,23.9,94.0,14.2,1010.2
2024-03-25,35.3,17.4,295.0,20.0,5.2,54.0,23.7,85.0,6.2,1012.3
2024-03-26,22.8,10.4,292.0,20.4,5.2,49.0,24.9,79.0,15.0,1011.8
2024-03-27,44.1,18.5,268.0,17.3,4.8,50.0,24.3,90.0,13.1,1012.7
2024-03-28,30.0,15.0,272.0,16.2,4.9,92.0,24.7,77.0,10.0,1013.2
2024-03-29,48.7,14.8,265.0,14.9,4.8,98.0,24.2,75.0,14.3,1011.3
2024-03-30,60.5,25.4,268.0,15.0,4.6,81.0,23.1,82.0,16.5,1012.2
2024-03-31,85.2,31.4,249.0,13.3,4.1,77.0,23.6,85.0,13.3,1013.8
2024-04-01,116.9,45.4,305.0,19.2,9.8,80.0,23.9,66.0,15.1,1013.1
2024-04-02,71.2,21.4,214.0,11.8,4.1,85.0,24.8,78.0,15.2,1010.2
2024-04-03,63.3,28.6,248.0,13.3,5.0,85.0,24.2,88.0,15.2,1008.9
2024-04-04,102.0,20.8,308.0,16.4,4.7,98.0,24.0,96.0,14.4,1010.0
2024-04-05,54.6,19.5,233.0,9.4,4.7,110.0,25.1,75.0,16.2,1011.0
2024-04-06,38.0,13.1,236.0,10.8,5.6,111.0,24.5,76.0,15.5,1010.3
2024-04-07,41.8,17.1,293.0,17.7,5.7,89.0,23.9,86.0,15.5,1009.5
2024-04-08,42.8,17.3,268.0,16.6,5.3,80.0,23.5,95.0,14.0,1009.4
2024-04-09,33.1,14.4,296.0,19.1,5.3,75.0,23.9,79.0,13.9,1010.1
2024-04-10,44.9,17.2,274.0,18.8,5.1,43.0,24.4,79.0,10.8,1010.5
2024-04-11,36.2,19.2,367.0,30.7,6.3,34.0,24.1,94.0,7.3,1010.0
2024-04-12,40.5,18.3,391.0,31.3,7.4,45.0,24.2,93.0,8.8,1009.6
2024-04-13,28.5,11.0,234.0,18.3,5.5,40.0,26.0,86.0,16.1,1008.4
2024-04-14,48.9,14.5,277.0,21.8,5.3,42.0,26.0,95.0,13.0,1010.1
2024-04-15,128.1,37.1,414.0,32.9,13.2,40.0,24.7,84.0,10.4,1012.2
2024-04-16,33.4,12.6,246.0,15.6,4.7,43.0,24.8,91.0,6.6,1013.1
2024-04-17,94.1,35.9,389.0,31.3,29.3,47.0,27.1,69.0,8.9,1010.4
2024-04-18,57.5,22.3,255.0,18.5,8.0,57.0,26.1,77.0,12.6,1009.5
2024-04-19,95.0,26.4,187.0,9.8,3.6,61.0,25.2,84.0,21.2,1007.8
2024-04-20,56.6,29.2,234.0,8.0,4.0,123.0,25.3,82.0,19.6,1007.4
2024-04-21,53.4,27.1,239.0,9.4,4.3,100.0,25.3,88.0,17.6,1008.1
2024-04-22,57.0,22.1,217.0,11.7,3.9,59.0,25.3,84.0,21.2,1008.2
2024-04-23,51.3,20.3,200.0,11.8,3.8,68.0,25.0,94.0,11.2,1009.0
2024-04-24,46.6,19.0,216.0,13.2,4.3,53.0,24.8,94.0,11.9,1007.5
2024-04-25,46.3,20.1,239.0,15.9,5.0,48.0,24.9,95.0,10.9,1008.0
2024-04-26,40.6,15.3,198.0,10.9,3.7,56.0,25.9,91.0,18.8,1007.2
2024-04-27,47.4,15.1,216.0,11.6,3.8,58.0,25.5,91.0,21.3,1008.0
2024-04-28,44.0,12.3,234.0,14.9,4.3,54.0,25.1,95.0,10.9,1009.3
2024-04-29,44.0,12.3,234.0,14.9,4.3,54.0,25.1,95.0,10.9,1009.3
2024-04-30,141.1,38.0,225.0,11.0,3.6,84.0,26.6,59.0,13.7,1009.8
2024-05-01,131.3,36.2,210.0,8.3,4.7,90.0,27.6,51.0,20.8,1006.9
2024-05-02,149.0,46.4,251.0,14.0,3.9,78.0,25.6,71.0,10.9,1006.2
2024-05-03,57.7,13.7,285.0,20.9,5.2,39.0,26.4,89.0,12.8,1006.6
2024-05-04,55.8,24.6,201.0,9.1,4.7,65.0,27.4,83.0,21.5,1007.3
2024-05-05,36.8,15.1,201.0,9.4,3.7,60.0,26.9,84.0,19.7,1008.0
2024-05-06,29.2,10.6,177.0,9.5,3.4,50.0,26.8,82.0,12.4,1006.6
2024-05-07,55.3,17.6,246.0,17.0,5.2,54.0,27.3,81.0,10.9,1006.1
2024-05-08,55.3,17.6,246.0,17.0,5.2,54.0,27.3,81.0,10.9,1006.1
2024-05-09,55.3,17.6,246.0,17.0,5.2,54.0,27.3,81.0,10.9,1006.1
2024-05-10,33.4,11.4,209.0,13.6,5.7,36.0,27.6,90.0,10.1,1006.1
2024-05-11,55.2,16.6,223.0,14.3,5.7,42.0,27.7,84.0,10.0,1007.3
2024-05-12,40.0,13.9,218.0,14.6,7.2,57.0,27.8,83.0,9.7,1008.5
2024-05-13,81.7,17.5,202.0,13.3,5.9,49.0,27.9,88.0,15.1,1008.6
2024-05-14,53.6,14.1,227.0,18.3,7.0,57.0,26.6,91.0,3.3,1008.7
2024-05-15,51.0,16.1,201.0,16.3,6.1,49.0,28.3,82.0,12.7,1009.1
2024-05-16,39.3,15.2,219.0,16.1,5.5,44.0,27.6,86.0,11.9,1010.8
2024-05-17,39.7,15.7,260.0,19.2,5.0,38.0,27.5,88.0,12.4,1008.9
2024-05-18,33.9,14.3,227.0,15.0,4.4,50.0,28.1,85.0,10.1,1007.3
2024-05-19,20.2,9.7,225.0,17.9,5.3,37.0,27.9,91.0,10.3,1005.4
2024-05-20,20.9,9.3,203.0,14.3,4.8,43.0,28.7,88.0,13.4,1002.7
2024-05-21,20.9,9.3,203.0,14.3,4.8,43.0,28.7,88.0,13.4,1002.7
2024-05-22,42.5,11.3,191.0,11.9,4.2,50.0,29.4,83.0,18.8,1003.0
2024-05-23,47.3,14.4,216.0,13.8,4.6,53.0,28.9,81.0,14.1,1002.0
2024-05-24,34.3,13.9,229.0,16.8,5.4,47.0,28.5,91.0,16.3,1000.7
2024-05-25,38.4,15.7,181.0,14.9,6.1,50.0,28.8,89.0,15.2,1001.3
2024-05-26,48.9,18.0,217.0,15.9,5.7,48.0,28.9,89.0,14.8,1002.5
2024-05-27,54.2,22.2,166.0,9.8,3.9,60.0,28.8,90.0,19.8,1002.1
2024-05-28,54.7,20.4,150.0,8.0,3.4,54.0,29.1,89.0,20.4,1000.8
2024-05-29,54.7,20.4,150.0,8.0,3.4,54.0,29.1,89.0,20.4,1000.8
2024-05-30,54.7,20.4,150.0,8.0,3.4,54.0,29.1,89.0,20.4,1000.8
2024-05-31,47.6,17.2,194.0,13.0,5.0,55.0,28.7,94.0,18.1,1001.4
2024-06-01,69.4,17.8,167.0,8.6,4.1,58.0,28.8,90.0,20.3,1001.0
2024-06-02,66.4,19.6,186.0,12.1,5.9,51.0,29.0,90.0,15.0,1002.1
2024-06-03,53.6,16.9,161.0,9.4,5.7,49.0,29.1,83.0,14.3,1004.0
2024-06-04,69.8,17.2,139.0,7.6,4.0,51.0,28.5,81.0,20.1,1004.7
2024-06-05,69.8,17.2,139.0,7.6,4.0,51.0,28.5,81.0,20.1,1004.7
2024-06-06,63.3,20.6,146.0,8.1,3.4,48.0,28.6,82.0,22.2,1005.0
2024-06-07,59.4,22.1,154.0,7.8,4.2,52.0,29.1,83.0,16.8,1006.0
2024-06-08,58.9,18.6,165.0,10.0,4.7,43.0,29.1,82.0,17.4,1004.2
2024-06-09,35.2,13.0,161.0,9.9,4.3,42.0,28.6,85.0,16.9,1003.5
2024-06-10,34.2,13.5,141.0,8.9,4.0,46.0,28.7,86.0,18.8,1004.7
2024-06-11,40.9,17.5,153.0,8.8,4.0,48.0,29.1,83.0,20.6,1005.5
2024-06-12,38.8,17.8,145.0,7.5,3.7,51.0,29.0,82.0,22.5,1004.0
2024-06-13,44.0,19.1,149.0,6.0,3.4,56.0,29.8,75.0,22.8,1004.0
2024-06-14,53.2,23.1,135.0,6.0,3.4,59.0,29.9,77.0,21.0,1002.1
2024-06-15,65.9,21.8,148.0,7.8,4.1,52.0,29.6,81.0,14.7,1001.9
2024-06-16,73.1,20.8,144.0,7.7,4.3,54.0,29.9,79.0,16.9,1002.4
2024-06-17,59.3,15.7,168.0,8.9,5.0,52.0,29.9,75.0,18.3,1002.3
2024-06-18,65.7,17.4,155.0,7.8,4.6,54.0,30.1,71.0,15.0,1002.7
2024-06-19,45.3,15.7,126.0,5.3,3.4,51.0,30.2,77.0,18.5,1000.3
2024-06-20,64.7,18.7,153.0,10.1,5.1,52.0,29.7,86.0,15.3,996.4
2024-06-21,105.9,25.8,178.0,12.5,5.4,51.0,29.6,90.0,19.5,995.8
2024-06-22,145.3,24.2,150.0,11.5,8.2,43.0,29.9,87.0,16.3,999.0
2024-06-23,143.4,26.7,200.0,15.8,6.1,37.0,29.8,83.0,16.5,1000.5
2024-06-24,109.4,23.5,175.0,12.7,5.1,39.0,29.6,85.0,20.1,1000.0
2024-06-25,85.0,20.9,151.0,11.7,5.5,43.0,29.3,86.0,18.7,997.0
2024-06-26,102.9,27.6,160.0,13.9,7.2,48.0,29.8,85.0,16.8,996.6
2024-06-27,112.5,23.4,162.0,13.1,7.0,44.0,30.3,82.0,14.6,997.0
2024-06-28,102.4,21.0,182.0,12.4,6.3,43.0,31.0,75.0,10.9,997.5
2024-06-29,51.6,19.2,251.0,17.8,12.8,50.0,31.4,74.0,14.6,995.8
2024-06-30,21.5,11.1,157.0,7.1,8.0,63.0,30.7,80.0,15.7,998.0
2024-07-01,21.5,11.1,157.0,7.1,8.0,63.0,30.7,80.0,15.7,998.0
2024-07-02,103.1,28.9,147.0,6.8,4.7,63.0,31.1,77.0,22.1,993.9
2024-07-03,89.2,22.5,153.0,8.1,5.2,58.0,31.5,76.0,15.3,994.0
2024-07-04,92.4,20.8,135.0,7.3,5.4,49.0,30.5,80.0,20.9,997.2
2024-07-05,106.4,23.7,132.0,7.1,5.7,45.0,30.8,71.0,13.2,997.7
2024-07-06,106.4,23.7,132.0,7.1,5.7,45.0,30.8,71.0,13.2,997.7
2024-07-07,86.6,30.9,136.0,7.4,4.6,65.0,30.9,78.0,25.1,993.6
2024-07-08,81.3,22.0,145.0,9.3,6.7,47.0,30.5,84.0,14.8,998.3
2024-07-09,141.6,30.3,191.0,14.3,8.3,41.0,30.1,81.0,11.1,1000.2
2024-07-10,122.9,38.9,259.0,18.5,12.4,61.0,30.6,86.0,13.6,1001.8
2024-07-11,87.5,27.7,232.0,17.5,5.3,36.0,30.2,83.0,22.8,1002.8
2024-07-12,87.5,27.7,232.0,17.5,5.3,36.0,30.2,83.0,22.8,1002.8
2024-07-13,87.5,27.7,232.0,17.5,5.3,36.0,30.2,83.0,22.8,1002.8
2024-07-14,68.5,26.8,188.0,12.2,4.1,38.0,29.4,87.0,21.3,998.0
2024-07-15,97.8,26.6,241.0,19.3,5.6,30.0,29.7,83.0,12.9,998.5
2024-07-16,127.6,29.7,233.0,20.8,6.2,28.0,29.8,82.0,12.1,999.8
2024-07-17,88.7,22.4,226.0,19.9,5.6,33.0,30.9,80.0,16.9,996.2
2024-07-18,84.3,23.6,188.0,15.5,6.9,42.0,30.8,84.0,10.8,998.7
2024-07-19,94.5,35.4,166.0,8.0,4.8,63.0,30.5,79.0,18.0,997.7
2024-07-20,92.2,31.7,299.0,24.3,7.8,40.0,30.5,81.0,19.9,996.7
2024-07-21,111.3,35.6,306.0,24.1,12.3,44.0,30.9,83.0,13.0,997.5
2024-07-22,60.8,29.3,389.0,27.1,10.3,59.0,31.4,81.0,15.4,996.8
2024-07-23,63.8,22.6,157.0,7.8,4.7,51.0,29.9,85.0,25.3,998.9
2024-07-24,103.1,27.1,186.0,11.2,4.2,45.0,29.8,81.0,27.7,997.7
2024-07-25,96.4,25.7,186.0,11.0,4.7,44.0,29.2,83.0,18.2,994.2
2024-07-26,126.7,34.7,190.0,11.7,4.9,48.0,29.8,83.0,15.9,995.3
2024-07-27,107.8,27.8,172.0,10.4,4.7,48.0,29.8,81.0,19.5,997.0
2024-07-28,131.3,31.7,166.0,10.4,5.8,46.0,30.3,76.0,16.1,997.1
2024-07-29,144.4,27.9,220.0,16.9,10.6,38.0,29.7,80.0,13.4,995.8
2024-07-30,141.6,36.8,196.0,12.2,7.3,49.0,28.7,85.0,9.4,996.9
2024-07-31,41.9,18.9,327.0,26.3,9.6,43.0,28.2,91.0,7.2,999.9
2024-08-01,46.8,20.5,217.0,14.6,4.6,43.0,28.7,88.0,23.3,999.7
2024-08-02,87.1,31.2,170.0,9.6,3.6,48.0,28.6,86.0,24.5,998.7
2024-08-03,94.1,29.9,207.0,14.4,4.7,39.0,28.6,90.0,16.2,998.5
2024-08-04,96.4,30.5,331.0,28.3,6.5,23.0,28.3,87.0,15.8,999.1
2024-08-05,135.5,33.9,284.0,23.2,5.9,28.0,27.4,88.0,12.5,999.4
2024-08-06,75.7,25.4,277.0,22.4,5.8,28.0,28.1,85.0,11.6,1001.7
2024-08-07,72.4,22.4,176.0,10.9,3.9,41.0,28.2,84.0,25.3,1001.7
2024-08-08,71.9,22.6,192.0,11.9,3.8,40.0,27.9,82.0,19.6,1002.4
2024-08-09,76.1,21.8,223.0,14.3,4.5,39.0,28.3,82.0,18.3,1003.5
2024-08-10,42.0,13.6,155.0,8.3,3.5,37.0,28.4,81.0,23.1,1004.4
2024-08-11,42.0,13.6,155.0,8.3,3.5,37.0,28.4,81.0,23.1,1004.4
2024-08-12,56.8,15.7,167.0,9.5,3.5,36.0,28.1,85.0,22.6,1000.6
2024-08-13,66.1,17.3,234.0,18.2,5.4,24.0,28.1,87.0,14.9,1002.8
2024-08-14,111.3,15.5,163.0,10.4,4.8,34.0,28.1,86.0,14.7,1004.2
2024-08-15,80.6,17.5,145.0,6.3,3.8,40.0,28.5,82.0,20.0,1004.5
2024-08-16,61.7,18.1,153.0,8.6,4.1,36.0,28.0,85.0,17.4,1002.5
2024-08-17,55.1,17.5,185.0,12.3,5.3,32.0,28.2,81.0,14.3,1002.5
2024-08-18,72.6,21.4,201.0,14.5,5.3,31.0,28.1,83.0,16.8,1004.0
2024-08-19,57.5,20.1,260.0,21.6,6.4,22.0,27.8,83.0,13.8,1005.3
2024-08-20,44.0,17.5,238.0,16.2,5.1,29.0,28.0,82.0,16.5,1004.6
2024-08-21,34.8,15.8,188.0,10.9,3.8,34.0,28.5,78.0,20.6,1005.5
2024-08-22,59.6,19.5,170.0,9.2,3.9,39.0,28.5,78.0,16.6,1005.2
2024-08-23,41.3,16.7,170.0,8.9,4.1,40.0,28.7,79.0,21.6,1004.5
2024-08-24,49.4,16.1,171.0,8.8,4.0,42.0,28.1,81.0,18.5,1005.0
2024-08-25,84.3,23.9,163.0,7.4,3.8,47.0,28.1,80.0,21.6,1004.6
2024-08-26,61.0,22.2,146.0,7.2,3.8,47.0,27.9,81.0,24.8,1001.7
2024-08-27,66.8,20.5,235.0,17.9,7.4,40.0,28.2,86.0,16.9,999.6
2024-08-28,29.6,15.9,302.0,12.1,8.2,90.0,27.1,93.0,13.2,1000.3
2024-08-29,21.8,14.7,381.0,21.4,8.3,66.0,26.7,92.0,17.2,1000.3
2024-08-30,25.4,14.8,265.0,11.1,6.6,90.0,26.4,94.0,15.5,999.0
2024-08-31,18.7,13.8,160.0,6.0,6.1,57.0,26.0,86.0,46.5,1000.1
2024-09-01,27.4,12.3,202.0,13.4,7.1,26.0,25.9,93.0,17.0,1005.7
2024-09-02,40.7,16.2,417.0,33.5,8.7,8.0,26.2,91.0,8.3,1005.8
2024-09-03,40.7,16.2,417.0,33.5,8.7,8.0,26.2,91.0,8.3,1005.8
2024-09-04,65.4,19.5,334.0,31.8,6.9,10.0,26.4,90.0,11.4,1005.9
2024-09-05,43.2,17.6,248.0,19.5,5.3,28.0,26.6,91.0,14.1,1003.8
2024-09-06,45.8,20.3,198.0,13.4,4.0,36.0,26.9,90.0,17.0,1002.9
2024-09-07,50.1,20.7,277.0,22.5,5.5,26.0,26.3,91.0,14.5,1005.5
2024-09-08,50.5,17.8,311.0,26.4,5.8,22.0,26.1,91.0,11.9,1006.5
2024-09-09,36.2,13.8,245.0,20.2,5.1,30.0,26.3,91.0,14.0,1006.0
2024-09-10,68.2,19.9,232.0,17.4,4.7,38.0,26.3,89.0,13.8,1002.8
2024-09-11,114.3,33.4,374.0,32.5,6.8,25.0,26.0,92.0,10.2,1002.5
2024-09-12,129.0,35.4,302.0,24.1,6.0,36.0,26.4,89.0,10.0,1004.1
2024-09-13,80.6,24.0,212.0,13.4,4.4,46.0,26.8,83.0,17.7,1004.1
2024-09-14,71.7,23.1,170.0,10.8,3.7,50.0,26.8,79.0,23.7,1002.8
2024-09-15,50.1,21.0,203.0,12.1,3.9,45.0,26.7,81.0,18.9,1004.0
2024-09-16,52.5,24.7,229.0,16.4,4.7,40.0,26.4,81.0,13.1,1005.9
2024-09-17,48.9,21.7,214.0,14.3,4.5,40.0,26.5,85.0,15.3,1007.8
2024-09-18,53.1,19.8,231.0,16.8,5.1,37.0,26.5,90.0,11.5,1007.5
2024-09-19,46.0,17.5,236.0,18.4,5.9,39.0,26.6,89.0,9.2,1006.1
2024-09-20,51.8,18.3,231.0,19.1,6.7,36.0,26.9,88.0,10.3,1006.9
2024-09-21,49.4,18.3,198.0,12.2,4.6,45.0,26.8,88.0,15.6,1007.1
2024-09-22,66.6,23.5,194.0,11.3,4.4,47.0,27.1,79.0,14.8,1008.4
2024-09-23,63.1,22.1,193.0,10.5,4.5,49.0,27.1,81.0,14.2,1007.1
2024-09-24,54.7,21.6,191.0,10.2,4.4,48.0,27.5,80.0,16.6,1007.2
2024-09-25,44.1,20.6,191.0,12.2,4.5,44.0,27.8,80.0,19.3,1004.9
2024-09-26,43.8,20.8,190.0,12.6,5.1,43.0,27.6,80.0,13.9,1004.6
2024-09-27,44.0,18.4,181.0,11.7,4.4,41.0,27.5,83.0,16.7,1004.0
2024-09-28,47.0,20.5,174.0,10.0,3.8,43.0,27.8,81.0,18.9,1004.8
2024-09-29,34.9,15.9,208.0,13.7,4.5,39.0,27.4,84.0,14.2,1007.6
2024-09-30,27.6,13.5,175.0,13.4,5.0,36.0,27.2,82.0,12.1,1010.3
2024-10-01,22.5,12.7,198.0,13.8,4.7,33.0,27.1,87.0,13.8,1009.6
2024-10-02,23.4,12.9,201.0,13.0,4.3,34.0,27.0,91.0,13.6,1008.6
2024-10-03,41.8,18.2,209.0,12.9,4.2,46.0,27.2,90.0,18.5,1008.4
2024-10-04,41.8,18.2,209.0,12.9,4.2,46.0,27.2,90.0,18.5,1008.4
2024-10-05,38.2,17.6,177.0,10.8,3.9,39.0,26.8,92.0,15.9,1007.1
2024-10-06,38.0,16.6,208.0,14.2,4.5,37.0,26.9,89.0,10.0,1009.4
2024-10-07,45.3,17.6,260.0,20.8,6.1,28.0,26.6,87.0,6.1,1012.4
2024-10-08,39.7,18.5,248.0,17.2,6.0,54.0,26.7,76.0,12.1,1012.9
2024-10-09,46.4,25.9,320.0,22.2,6.6,60.0,28.9,59.0,16.4,1011.3
2024-10-10,47.5,28.8,379.0,25.9,6.0,50.0,27.9,71.0,6.7,1009.5
2024-10-11,45.2,27.2,739.0,62.1,10.3,12.0,28.6,55.0,10.8,1008.1
2024-10-12,85.2,42.4,462.0,24.1,12.9,96.0,27.7,86.0,8.4,1008.7
2024-10-13,79.6,45.1,636.0,43.5,14.1,54.0,28.5,84.0,7.5,1009.1
2024-10-14,39.6,25.8,389.0,23.9,9.7,66.0,29.2,75.0,3.6,1009.6
2024-10-15,48.2,30.3,334.0,16.2,16.7,84.0,28.6,84.0,18.2,1011.7
2024-10-16,38.9,24.4,372.0,21.1,9.5,94.0,28.5,80.0,11.5,1010.4
2024-10-17,31.3,19.2,263.0,13.7,5.2,63.0,28.1,86.0,12.5,1009.2
2024-10-18,34.0,20.7,358.0,25.1,5.9,39.0,27.0,93.0,6.9,1009.0
2024-10-19,36.2,22.9,383.0,27.4,7.2,51.0,26.9,88.0,7.6,1009.5
2024-10-20,39.5,24.7,354.0,22.9,6.0,62.0,28.2,66.0,7.2,1010.1
2024-10-21,27.5,15.8,321.0,20.9,5.5,52.0,27.5,87.0,11.5,1011.3
2024-10-22,33.2,18.6,263.0,13.7,6.1,65.0,26.7,88.0,10.6,1011.5
2024-10-23,66.8,38.5,379.0,20.9,6.5,64.0,26.8,85.0,13.2,1012.1
2024-10-24,49.6,27.9,470.0,34.3,6.6,39.0,26.9,84.0,8.7,1012.3
2024-10-25,38.2,18.7,371.0,24.8,6.2,55.0,27.4,70.0,12.5,1011.8
2024-10-26,27.0,13.2,310.0,22.2,5.5,50.0,27.6,83.0,12.9,1011.5
2024-10-27,35.5,16.5,445.0,22.4,5.6,56.0,28.0,74.0,11.8,1009.9
2024-10-28,92.7,36.8,375.0,25.6,5.6,47.0,26.8,84.0,8.8,1007.6
2024-10-29,75.9,36.7,658.0,27.3,5.9,43.0,27.3,96.0,10.5,1007.3
2024-10-30,118.3,42.4,811.0,36.1,6.5,41.0,26.3,97.0,9.1,1008.9
2024-10-31,76.1,34.0,750.0,41.3,7.4,31.0,25.9,97.0,7.9,1011.8
2024-11-01,85.7,35.6,657.0,36.9,6.5,29.0,25.4,97.0,8.8,1013.2
2024-11-02,46.9,24.7,443.0,23.2,5.1,49.0,26.6,86.0,13.4,1014.0
2024-11-03,60.1,31.0,875.0,50.1,7.5,20.0,26.4,93.0,10.7,1012.9
2024-11-04,55.6,30.7,1037.0,56.5,9.5,14.0,24.8,95.0,7.2,1013.6
2024-11-05,50.8,29.0,712.0,41.5,7.7,37.0,25.3,87.0,8.5,1012.8
2024-11-06,52.5,32.5,703.0,54.9,10.0,28.0,24.4,88.0,6.8,1014.8
2024-11-07,50.2,30.7,604.0,39.3,7.9,46.0,24.5,93.0,7.3,1014.4
2024-11-08,41.3,23.2,773.0,35.6,7.0,38.0,26.5,90.0,8.4,1013.7
2024-11-09,45.8,25.6,1017.0,45.1,7.7,28.0,25.5,90.0,7.4,1013.6
2024-11-10,43.0,24.3,915.0,46.6,7.8,26.0,24.9,93.0,8.3,1014.4
2024-11-11,46.8,27.4,1035.0,53.9,8.5,14.0,24.8,88.0,7.9,1014.8
2024-11-12,50.3,25.6,559.0,45.5,7.4,24.0,25.7,88.0,11.8,1013.8
2024-11-13,50.3,25.6,559.0,45.5,7.4,24.0,25.7,88.0,11.8,1013.8
2024-11-14,63.6,50.3,907.0,71.5,26.8,8.0,25.5,79.0,4.1,1012.2
2024-11-15,49.1,44.0,869.0,49.4,16.8,26.0,25.1,66.0,6.1,1013.3
2024-11-16,41.9,39.3,764.0,33.6,15.9,64.0,24.9,68.0,7.9,1013.7
2024-11-17,37.6,31.8,1457.0,53.3,15.8,28.0,25.2,80.0,5.7,1013.2
2024-11-18,44.0,36.7,1150.0,56.7,17.3,13.0,25.0,76.0,5.5,1014.2
2024-11-19,67.1,58.9,1649.0,78.3,28.5,13.0,24.9,71.0,6.1,1015.6
2024-11-20,39.1,34.7,862.0,41.7,14.6,44.0,25.1,61.0,7.5,1015.0
2024-11-21,40.7,37.4,846.0,55.5,16.4,19.0,24.2,73.0,5.2,1014.3
2024-11-22,28.2,25.4,1369.0,39.8,13.8,42.0,24.6,76.0,7.0,1013.9
2024-11-23,25.4,23.1,914.0,36.8,13.9,46.0,24.6,73.0,7.5,1013.3
2024-11-24,25.4,23.1,914.0,36.8,13.9,46.0,24.6,73.0,7.5,1013.3
2024-11-25,48.9,45.4,946.0,74.9,23.4,10.0,24.6,75.0,6.1,1014.8
2024-11-26,48.9,45.4,946.0,74.9,23.4,10.0,24.6,75.0,6.1,1014.8
2024-11-27,49.5,40.5,1178.0,73.2,22.3,12.0,23.6,76.0,3.1,1014.1
2024-11-28,49.5,40.5,1178.0,73.2,22.3,12.0,23.6,76.0,3.1,1014.1
2024-11-29,34.7,30.3,1369.0,63.8,19.8,10.0,24.7,81.0,6.1,1014.8
2024-11-30,40.6,34.6,890.0,58.2,18.2,10.0,23.7,83.0,5.9,1014.8
2024-12-01,51.9,50.2,743.0,29.1,12.0,65.0,23.8,47.0,7.4,1013.9
2024-12-02,51.2,49.2,1201.0,68.6,19.0,26.0,23.7,41.0,7.3,1012.1
2024-12-03,44.1,41.6,705.0,32.9,13.4,62.0,23.7,45.0,7.8,1013.7
2024-12-04,55.6,52.2,537.0,11.5,21.9,93.0,24.0,48.0,13.5,1015.7
2024-12-05,63.8,56.6,888.0,25.1,15.2,55.0,23.0,49.0,8.3,1015.6
2024-12-06,63.8,56.6,888.0,25.1,15.2,55.0,23.0,49.0,8.3,1015.6
2024-12-07,32.0,30.2,1166.0,65.3,20.7,17.0,21.5,50.0,6.9,1013.2
2024-12-08,58.4,58.2,791.0,74.5,30.5,13.0,21.0,25.0,13.4,1013.7
2024-12-09,40.0,34.2,344.0,59.3,18.5,16.0,19.0,17.0,10.5,1015.8
2024-12-10,29.6,24.9,896.0,24.3,8.1,52.0,19.0,25.0,7.9,1017.6
2024-12-11,45.1,44.4,1457.0,63.3,18.1,16.0,18.7,30.0,6.5,1017.1
2024-12-12,49.5,47.6,811.0,70.2,23.4,13.0,18.3,36.0,7.8,1017.1
2024-12-13,20.2,14.9,485.0,16.8,8.3,59.0,17.3,29.0,11.6,1018.6
2024-12-14,31.1,29.3,585.0,14.8,16.6,74.0,17.4,35.0,12.3,1018.9
2024-12-15,27.9,27.0,661.0,16.4,13.5,72.0,17.3,32.0,10.3,1018.1
2024-12-16,31.7,31.2,1604.0,66.2,19.8,17.0,18.0,31.0,7.1,1017.7
2024-12-17,31.7,31.2,1604.0,66.2,19.8,17.0,18.0,31.0,7.1,1017.7
2024-12-18,41.6,33.9,449.0,17.8,9.0,66.0,18.5,37.0,10.1,1016.7
2024-12-19,46.1,44.6,1076.0,24.3,19.4,76.0,18.4,32.0,6.4,1014.2
2024-12-20,33.1,31.5,1127.0,40.9,18.2,47.0,17.8,37.0,8.6,1015.6
2024-12-21,34.3,32.6,625.0,22.5,20.0,68.0,17.1,38.0,10.2,1016.3
2024-12-22,47.7,46.2,804.0,19.0,20.4,83.0,16.2,39.0,9.5,1015.0
2024-12-23,47.7,46.2,804.0,19.0,20.4,83.0,16.2,39.0,9.5,1015.0
2024-12-24,47.7,46.2,804.0,19.0,20.4,83.0,16.2,39.0,9.5,1015.0
2024-12-25,71.5,70.5,835.0,14.7,19.5,95.0,17.1,50.0,9.9,1019.1
2024-12-26,71.5,70.5,835.0,14.7,19.5,95.0,17.1,50.0,9.9,1019.1
2024-12-27,56.5,54.5,761.0,17.9,20.1,83.0,16.7,45.0,9.7,1020.3
2024-12-28,39.1,38.5,1582.0,54.1,16.0,32.0,17.2,37.0,6.8,1020.4
2024-12-29,42.1,34.8,1211.0,59.4,19.6,19.0,17.1,60.0,6.8,1020.3
2024-12-30,35.9,35.4,646.0,15.3,11.7,86.0,17.2,34.0,10.7,1020.4
2024-12-31,35.9,35.4,646.0,15.3,11.7,86.0,17.2,34.0,10.7,1020.4
2025-01-01,29.4,28.8,1285.0,23.7,12.2,64.0,18.3,41.0,8.7,1018.7
2025-01-02,56.8,53.6,868.0,16.0,15.8,79.0,18.5,44.0,9.3,1017.1
2025-01-03,56.8,53.6,868.0,16.0,15.8,79.0,18.5,44.0,9.3,1017.1
2025-01-04,56.8,53.6,868.0,16.0,15.8,79.0,18.5,44.0,9.3,1017.1
2025-01-05,40.6,21.8,550.0,37.7,15.0,41.0,18.4,43.0,7.2,1015.2
2025-01-06,58.4,50.4,1184.0,72.1,21.9,9.0,16.5,48.0,6.4,1017.6
2025-01-07,21.5,20.5,468.0,48.0,8.6,38.0,16.5,30.0,8.7,1019.9
2025-01-08,31.9,31.9,1222.0,67.8,18.8,27.0,16.7,29.0,6.9,1017.6
2025-01-09,35.9,34.9,1021.0,49.5,25.0,47.0,17.0,72.0,7.2,1015.4
2025-01-10,35.9,34.9,1021.0,49.5,25.0,47.0,17.0,72.0,7.2,1015.4
2025-01-11,57.2,56.9,1131.0,68.0,26.7,26.0,19.0,43.0,6.6,1016.6
2025-01-12,57.9,57.6,1700.0,79.4,30.3,13.0,18.3,66.0,5.5,1017.7
2025-01-13,51.2,50.9,788.0,14.6,19.6,95.0,17.9,35.0,12.8,1019.6
2025-01-14,54.8,54.0,966.0,18.9,12.7,71.0,16.3,56.0,10.1,1018.7
2025-01-15,61.7,60.5,1545.0,64.6,19.1,27.0,18.0,49.0,8.5,1018.8
2025-01-16,61.7,60.5,1545.0,64.6,19.1,27.0,18.0,49.0,8.5,1018.8
2025-01-17,61.7,60.5,1545.0,64.6,19.1,27.0,18.0,49.0,8.5,1018.8
2025-01-18,49.8,45.9,662.0,16.6,15.1,79.0,17.5,44.0,12.3,1017.4
2025-01-19,48.1,46.8,899.0,15.0,12.9,86.0,17.5,42.0,10.7,1015.4
2025-01-20,56.3,55.3,964.0,18.1,11.8,76.0,18.5,40.0,9.9,1015.9
2025-01-21,56.3,55.3,964.0,18.1,11.8,76.0,18.5,40.0,9.9,1015.9
2025-01-22,47.3,43.3,681.0,26.6,13.4,73.0,19.2,78.0,6.9,1014.4
2025-01-23,61.2,54.2,665.0,74.5,22.5,10.0,18.7,66.0,8.2,1016.4
2025-01-24,61.2,54.2,665.0,74.5,22.5,10.0,18.7,66.0,8.2,1016.4
2025-01-25,24.6,22.9,702.0,27.3,13.2,60.0,18.4,33.0,9.9,1017.0
2025-01-26,24.6,22.9,702.0,27.3,13.2,60.0,18.4,33.0,9.9,1017.0
2025-01-27,58.8,52.5,1123.0,79.5,27.0,9.0,17.6,73.0,7.7,1014.8
2025-01-28,58.8,52.5,1123.0,79.5,27.0,9.0,17.6,73.0,7.7,1014.8
2025-01-29,27.5,24.4,614.0,45.6,12.9,28.0,19.9,90.0,7.7,1012.6
2025-01-30,59.4,26.6,398.0,24.5,9.2,69.0,21.4,72.0,8.8,1012.9
2025-01-31,78.2,35.2,325.0,19.1,10.7,76.0,20.7,56.0,11.4,1011.7
2025-02-01,153.7,46.7,549.0,28.6,11.1,56.0,19.0,54.0,5.4,1012.3
2025-02-02,47.7,41.4,738.0,67.7,21.5,19.0,18.2,37.0,7.4,1015.7
2025-02-03,30.3,26.8,522.0,15.1,14.6,85.0,19.9,28.0,12.0,1014.9
2025-02-04,39.8,29.5,586.0,19.5,12.7,83.0,19.7,62.0,9.5,1015.3
2025-02-05,43.4,21.9,478.0,22.1,9.6,69.0,19.0,61.0,10.9,1015.9
2025-02-06,51.3,45.5,1015.0,74.1,20.7,10.0,18.1,52.0,11.0,1017.5
2025-02-07,20.4,16.2,479.0,15.8,7.0,71.0,19.9,24.0,11.2,1017.5
2025-02-08,29.9,25.7,609.0,22.0,9.9,63.0,20.8,24.0,10.1,1016.1
2025-02-09,49.9,45.4,1066.0,56.4,24.0,42.0,19.3,45.0,7.9,1014.7
2025-02-10,38.8,37.5,537.0,48.9,15.8,45.0,19.8,70.0,8.2,1013.7
2025-02-11,27.6,24.3,544.0,26.1,10.5,68.0,20.9,88.0,9.9,1015.0
2025-02-12,97.8,43.8,555.0,36.0,12.1,41.0,20.7,88.0,7.1,1015.6
2025-02-13,97.8,43.8,555.0,36.0,12.1,41.0,20.7,88.0,7.1,1015.6
2025-02-14,75.7,38.9,408.0,36.8,13.6,51.0,21.1,82.0,9.1,1015.5
2025-02-15,42.3,22.9,265.0,19.1,7.7,69.0,23.6,63.0,15.8,1012.8
2025-02-16,42.7,25.8,463.0,21.0,8.6,61.0,22.7,79.0,8.7,1012.2
2025-02-17,27.0,17.3,474.0,16.0,7.2,72.0,23.3,76.0,8.1,1013.1
2025-02-18,78.5,36.7,1215.0,58.7,19.0,35.0,24.0,73.0,6.9,1014.8
2025-02-19,78.5,36.7,1215.0,58.7,19.0,35.0,24.0,73.0,6.9,1014.8
2025-02-20,45.9,17.8,251.0,9.3,6.2,85.0,24.2,67.0,13.0,1011.8
2025-02-21,137.4,45.4,720.0,36.3,14.7,64.0,23.7,58.0,8.4,1014.1
2025-02-22,137.4,45.4,720.0,36.3,14.7,64.0,23.7,58.0,8.4,1014.1
2025-02-23,71.2,49.2,874.0,48.8,22.1,65.0,21.2,73.0,7.3,1017.3
2025-02-24,71.2,49.2,874.0,48.8,22.1,65.0,21.2,73.0,7.3,1017.3
2025-02-25,71.2,49.2,874.0,48.8,22.1,65.0,21.2,73.0,7.3,1017.3
2025-02-26,71.2,49.2,874.0,48.8,22.1,65.0,21.2,73.0,7.3,1017.3
2025-02-27,31.2,24.0,513.0,52.3,16.2,10.0,21.8,90.0,7.5,1016.1
2025-02-28,52.6,24.8,291.0,22.8,10.3,56.0,22.8,90.0,11.4,1013.0
2025-03-01,47.7,26.3,241.0,9.9,7.5,88.0,23.2,76.0,16.8,1012.0
2025-03-02,34.9,27.3,610.0,36.5,13.3,57.0,21.5,77.0,6.9,1013.7
2025-03-03,23.0,17.4,466.0,23.1,10.6,69.0,22.3,82.0,8.7,1013.4
2025-03-04,125.7,48.7,441.0,21.0,11.5,64.0,22.4,77.0,8.6,1014.8
2025-03-05,53.8,27.4,682.0,31.7,9.6,58.0,22.0,15.0,9.9,1018.3
2025-03-06,38.1,27.1,478.0,37.3,16.5,60.0,20.9,69.0,7.7,1017.0
2025-03-07,32.5,19.1,796.0,26.3,10.0,66.0,22.7,79.0,7.6,1014.0
2025-03-08,60.8,26.4,463.0,22.9,9.2,67.0,24.0,66.0,8.5,1010.8
2025-03-09,48.1,20.5,416.0,24.9,9.2,56.0,26.1,51.0,9.9,1008.5
2025-03-10,61.7,31.2,515.0,45.8,14.3,33.0,25.2,67.0,6.7,1011.8
2025-03-11,61.7,31.2,515.0,45.8,14.3,33.0,25.2,67.0,6.7,1011.8
2025-03-12,32.0,24.3,482.0,49.4,13.0,22.0,24.4,76.0,9.2,1012.2
2025-03-13,20.4,14.3,476.0,20.2,8.0,59.0,25.3,71.0,10.5,1010.0
2025-03-14,27.6,16.0,294.0,13.5,7.6,78.0,25.8,73.0,10.7,1008.8
2025-03-15,65.7,27.4,267.0,13.5,7.4,81.0,24.9,74.0,12.3,1009.3
2025-03-16,54.9,28.1,356.0,22.3,12.2,87.0,24.7,61.0,12.0,1013.1
2025-03-17,74.3,51.5,553.0,78.4,22.9,16.0,24.4,58.0,8.6,1013.4
2025-03-18,57.3,23.9,451.0,29.7,10.5,57.0,24.4,56.0,9.1,1012.9
2025-03-19,30.6,17.9,731.0,32.4,10.7,55.0,23.2,80.0,5.2,1012.5
2025-03-20,27.3,17.8,533.0,26.6,9.8,51.0,23.8,88.0,5.4,1013.9
2025-03-21,32.5,24.4,486.0,32.7,12.8,50.0,24.0,86.0,11.4,1015.5
2025-03-22,45.6,22.9,407.0,19.0,8.4,83.0,24.2,82.0,10.4,1014.9
2025-03-23,21.2,17.2,618.0,25.8,9.6,60.0,24.7,72.0,8.3,1013.3
2025-03-24,17.3,15.5,399.0,31.4,10.6,57.0,24.8,58.0,9.4,1014.1
2025-03-25,17.3,15.5,399.0,31.4,10.6,57.0,24.8,58.0,9.4,1014.1
2025-03-26,25.3,18.9,406.0,28.0,11.1,50.0,24.7,88.0,8.7,1008.0
2025-03-27,38.2,19.2,284.0,15.9,8.5,107.0,24.2,73.0,15.7,1009.0
2025-03-28,68.2,26.4,225.0,16.8,8.1,88.0,23.8,61.0,13.8,1011.8
2025-03-29,92.4,57.3,1008.0,79.8,23.9,21.0,24.5,28.0,7.8,1012.3
2025-03-30,51.5,34.5,706.0,42.4,19.7,82.0,23.5,54.0,9.8,1011.9
2025-03-31,27.6,20.6,599.0,30.0,11.0,69.0,22.9,79.0,13.6,1012.1
2025-04-01,31.2,19.7,535.0,29.6,9.7,57.0,23.6,86.0,12.5,1010.5
2025-04-02,48.7,30.5,446.0,60.4,18.7,27.0,25.3,68.0,3.6,1008.8
2025-04-03,53.8,26.7,627.0,37.9,11.6,46.0,24.6,87.0,9.4,1009.7
2025-04-04,24.0,20.8,414.0,40.0,12.1,53.0,25.2,77.0,8.8,1012.2
2025-04-05,17.9,15.0,512.0,26.9,10.1,56.0,25.1,81.0,9.2,1011.9
2025-04-06,17.9,15.0,512.0,26.9,10.1,56.0,25.1,81.0,9.2,1011.9
2025-04-07,17.9,15.0,512.0,26.9,10.1,56.0,25.1,81.0,9.2,1011.9
2025-04-08,33.9,24.6,370.0,24.8,10.0,63.0,26.3,72.0,10.6,1009.5
2025-04-09,43.7,29.9,764.0,45.0,15.3,32.0,25.7,88.0,5.4,1010.8
2025-04-10,38.3,18.8,290.0,27.0,10.2,50.0,25.7,93.0,11.3,1008.5
2025-04-11,43.4,22.7,293.0,28.3,11.0,46.0,25.6,92.0,6.8,1004.2
2025-04-12,61.0,27.5,554.0,19.7,8.5,70.0,26.4,85.0,7.6,1003.8
2025-04-13,25.8,14.9,305.0,15.1,8.3,65.0,27.0,79.0,12.5,1007.7
2025-04-14,27.6,16.8,259.0,11.8,7.9,61.0,26.3,89.0,13.6,1010.3
2025-04-15,27.6,19.2,273.0,12.4,7.9,63.0,26.7,88.0,15.0,1009.1
2025-04-16,34.5,18.5,295.0,12.8,8.3,60.0,26.8,88.0,12.5,1007.7
2025-04-17,30.0,16.0,243.0,10.1,7.0,63.0,27.2,76.0,14.2,1007.0
2025-04-18,42.8,18.6,239.0,10.6,7.3,72.0,27.3,79.0,13.5,1006.1
2025-04-19,54.8,18.6,257.0,10.7,8.1,74.0,26.8,84.0,12.9,1004.7
2025-04-20,54.8,18.6,257.0,10.7,8.1,74.0,26.8,84.0,12.9,1004.7
2025-04-21,116.9,42.6,418.0,19.0,8.9,71.0,27.1,61.0,11.7,1008.3
2025-04-22,95.9,43.8,450.0,29.1,12.0,57.0,26.5,72.0,7.2,1011.3
2025-04-23,65.4,31.2,499.0,25.4,9.2,54.0,26.0,86.0,8.9,1010.7
2025-04-24,53.3,25.0,476.0,21.4,9.1,62.0,26.8,77.0,9.6,1006.7
2025-04-25,39.1,20.3,460.0,20.0,9.2,63.0,26.7,89.0,6.7,1006.4
2025-04-26,40.5,19.8,449.0,16.5,8.0,70.0,27.2,73.0,7.3,1005.9
2025-04-27,65.9,28.3,453.0,31.1,10.7,50.0,28.4,64.0,7.6,1006.3
2025-04-28,57.5,26.3,559.0,24.0,9.6,53.0,28.2,75.0,6.3,1006.8
2025-04-29,28.8,17.5,411.0,20.6,8.4,69.0,29.4,61.0,13.2,1004.3
2025-04-30,24.6,16.9,373.0,15.6,7.6,63.0,29.0,66.0,10.3,1005.1
2025-05-01,22.2,15.8,255.0,14.3,8.4,67.0,28.8,66.0,12.1,1006.4
2025-05-02,27.4,17.4,297.0,13.1,8.3,63.0,28.5,75.0,13.1,1006.9
2025-05-03,26.7,16.9,306.0,14.4,8.7,59.0,28.2,80.0,11.7,1005.3
2025-05-04,29.6,18.1,500.0,23.8,10.6,51.0,28.0,82.0,1.3,1004.0
2025-05-05,39.8,21.7,475.0,20.8,10.5,58.0,28.3,83.0,7.6,1002.3
2025-05-06,70.3,34.5,599.0,37.0,12.7,40.0,28.5,86.0,1.3,1005.1
2025-05-07,32.2,16.9,282.0,19.1,9.8,40.0,28.3,87.0,8.2,1004.4
2025-05-08,36.7,21.8,235.0,33.9,14.0,20.0,27.9,87.0,6.4,1003.5
2025-05-09,56.1,24.0,264.0,27.2,14.2,29.0,28.7,82.0,9.5,1005.7
2025-05-10,55.6,26.4,263.0,21.7,14.4,39.0,28.7,80.0,6.8,1007.8
2025-05-11,63.3,28.0,211.0,16.2,11.2,47.0,28.3,81.0,13.4,1007.3
2025-05-12,85.4,42.4,210.0,17.2,10.3,60.0,28.3,86.0,12.1,1005.7
2025-05-13,27.6,16.8,250.0,15.0,9.3,66.0,27.7,86.0,9.1,1005.0
2025-05-14,29.9,20.0,230.0,17.8,10.5,56.0,28.2,88.0,11.8,1004.6
2025-05-15,35.7,21.5,262.0,21.9,10.2,49.0,28.6,88.0,8.4,1005.1
2025-05-16,31.7,19.0,290.0,23.7,10.3,48.0,28.8,89.0,7.1,1004.6
2025-05-17,30.9,18.1,213.0,23.7,11.7,38.0,29.0,82.0,10.9,1004.2
2025-05-18,32.5,16.8,234.0,18.5,9.7,39.0,29.4,78.0,9.6,1004.1
2025-05-19,32.4,17.8,206.0,21.8,11.7,32.0,28.7,79.0,8.1,1004.2
2025-05-20,48.4,22.4,182.0,16.2,10.4,41.0,28.8,78.0,11.9,1004.3
2025-05-21,72.4,22.6,197.0,13.5,11.9,47.0,28.8,80.0,12.6,1003.1
2025-05-22,84.3,26.0,210.0,16.2,11.4,45.0,28.8,80.0,14.1,1003.5
2025-05-23,56.1,21.3,202.0,19.1,10.7,41.0,28.4,84.0,14.0,1001.5
2025-05-24,48.3,17.6,179.0,14.1,8.6,46.0,28.9,83.0,14.7,1000.1
2025-05-25,59.8,25.6,193.0,13.8,9.5,47.0,29.5,82.0,14.6,999.9
2025-05-26,63.1,30.6,190.0,13.7,11.3,47.0,29.2,86.0,12.1,1002.2
2025-05-27,47.1,26.0,176.0,13.6,9.1,47.0,29.5,82.0,15.4,1001.0
2025-05-28,44.5,24.1,209.0,13.3,9.8,48.0,29.4,82.0,11.2,999.7
2025-05-29,43.0,24.2,406.0,20.7,12.6,52.0,28.9,90.0,8.1,998.2
2025-05-30,87.1,26.3,229.0,9.1,6.7,95.0,31.5,59.0,20.3,995.6
2025-05-31,52.5,22.3,231.0,5.7,6.0,77.0,29.5,82.0,18.7,997.0
2025-06-01,49.6,19.4,242.0,7.2,6.3,69.0,29.4,81.0,14.8,999.0
2025-06-02,56.5,21.5,316.0,12.2,8.3,55.0,29.3,85.0,15.9,997.9
2025-06-03,73.1,25.6,202.0,9.1,7.2,66.0,29.0,80.0,16.6,999.2
2025-06-04,64.5,32.8,249.0,11.8,8.6,75.0,28.5,90.0,11.5,1000.8
2025-06-05,58.9,23.9,202.0,13.2,10.1,45.0,29.0,81.0,11.9,1004.6
2025-06-06,64.0,25.1,206.0,16.8,11.4,43.0,29.1,80.0,11.5,1007.9
2025-06-07,63.8,25.3,185.0,13.2,9.6,52.0,28.6,77.0,13.7,1007.9
2025-06-08,48.4,21.7,187.0,10.9,8.4,57.0,28.5,80.0,14.9,1007.1
2025-06-09,49.7,23.9,176.0,12.8,9.3,59.0,29.0,76.0,15.9,1006.9
2025-06-10,41.9,18.6,179.0,12.6,9.2,51.0,28.8,77.0,15.6,1005.0
2025-06-11,48.9,22.5,197.0,12.5,9.8,54.0,29.2,77.0,16.1,1003.9
2025-06-12,38.3,20.8,175.0,11.4,9.5,53.0,29.0,84.0,14.3,1002.9
2025-06-13,23.4,14.2,173.0,14.2,10.1,46.0,28.8,88.0,11.5,1001.1
2025-06-14,60.1,22.9,241.0,18.6,9.9,44.0,29.2,91.0,11.4,999.3
2025-06-15,93.8,27.8,220.0,19.5,9.0,43.0,28.8,92.0,11.2,997.9
2025-06-16,88.7,32.9,292.0,36.8,14.3,23.0,29.4,87.0,4.8,997.3
2025-06-17,106.9,35.3,208.0,32.7,19.2,32.0,29.8,91.0,9.1,997.5
2025-06-18,46.9,22.7,180.0,14.8,10.5,52.0,29.4,85.0,14.6,999.0
2025-06-19,42.3,21.2,185.0,8.8,8.5,57.0,29.1,85.0,17.0,998.3
2025-06-20,45.8,20.0,196.0,8.4,7.5,57.0,29.1,84.0,16.0,998.0
2025-06-21,49.1,21.5,212.0,9.7,8.6,55.0,29.2,90.0,14.8,999.8
2025-06-22,40.9,21.9,224.0,15.2,10.1,48.0,29.1,88.0,12.6,1000.1
2025-06-23,50.3,24.6,256.0,16.6,12.0,50.0,29.0,85.0,8.3,998.1
2025-06-24,71.9,30.0,303.0,19.6,12.4,40.0,29.0,89.0,9.5,996.4
2025-06-25,71.0,30.2,358.0,28.5,14.8,29.0,29.1,88.0,6.4,996.4
2025-06-26,79.9,30.0,390.0,23.6,12.3,35.0,29.3,85.0,7.2,998.0
2025-06-27,63.3,25.4,306.0,18.1,12.9,58.0,29.7,88.0,5.7,999.0
2025-06-28,50.3,24.4,450.0,14.6,9.8,66.0,27.9,91.0,9.1,998.4
2025-06-29,47.5,22.5,317.0,22.4,12.7,43.0,27.7,88.0,14.9,998.2
2025-06-30,30.3,20.0,311.0,29.3,13.4,40.0,28.3,92.0,11.0,997.3
2025-07-01,46.2,21.2,219.0,14.3,8.5,41.0,28.9,88.0,15.1,998.6
2025-07-02,47.8,21.5,235.0,17.7,9.9,36.0,28.6,88.0,13.0,999.2
2025-07-03,60.3,24.3,254.0,21.9,11.4,31.0,28.8,85.0,10.7,998.6
2025-07-04,60.3,25.1,290.0,28.3,12.8,23.0,29.3,86.0,8.2,999.3
2025-07-05,62.6,25.8,239.0,22.9,11.3,36.0,29.3,84.0,10.3,999.2
2025-07-06,69.2,25.3,223.0,14.1,9.4,56.0,29.6,84.0,9.9,998.4
2025-07-07,77.3,32.0,226.0,32.1,13.8,30.0,29.3,85.0,10.6,997.6
2025-07-08,82.0,29.4,365.0,26.9,13.4,34.0,29.2,83.0,8.8,998.8
2025-07-09,106.4,34.5,200.0,19.3,10.3,44.0,29.7,80.0,12.9,999.9
2025-07-10,85.2,33.3,203.0,28.6,12.0,31.0,29.4,84.0,12.1,999.9
2025-07-11,81.5,34.5,287.0,28.8,12.4,26.0,29.4,80.0,8.6,1000.9
2025-07-12,56.2,24.3,207.0,22.7,12.0,34.0,29.1,82.0,13.0,1002.7
2025-07-13,52.9,21.5,212.0,13.9,9.2,45.0,28.9,80.0,14.1,1003.3
2025-07-14,64.3,22.1,199.0,11.9,9.0,49.0,28.5,85.0,14.4,1001.4
2025-07-15,64.3,23.4,229.0,14.3,9.3,47.0,28.6,83.0,14.3,1000.6
2025-07-16,70.1,29.2,235.0,17.3,10.0,41.0,28.6,80.0,10.9,1001.0
2025-07-17,78.2,33.6,220.0,23.5,12.5,31.0,28.6,82.0,12.6,1001.4
2025-07-18,56.7,24.6,279.0,16.6,13.8,37.0,29.0,76.0,11.5,1002.3
2025-07-19,60.8,23.5,172.0,9.5,11.1,47.0,29.0,78.0,14.1,1001.1
2025-07-20,58.0,24.3,171.0,9.9,10.3,48.0,28.7,82.0,14.7,998.5
2025-07-21,52.5,23.5,244.0,16.6,12.7,41.0,29.1,82.0,11.6,998.9
2025-07-22,60.5,29.1,286.0,20.3,11.8,37.0,29.1,82.0,9.9,1000.9
2025-07-23,51.2,22.7,195.0,10.2,7.9,48.0,28.6,82.0,17.9,1000.1
2025-07-24,46.3,20.7,206.0,10.7,8.0,49.0,28.4,85.0,16.3,997.0
2025-07-25,51.2,24.6,257.0,18.5,11.0,41.0,28.4,84.0,12.7,997.2
2025-07-26,54.1,22.8,232.0,13.1,9.2,51.0,28.6,82.0,15.1,998.1
2025-07-27,72.9,29.3,193.0,13.1,10.2,51.0,28.6,78.0,14.8,998.5
2025-07-28,58.8,24.3,207.0,14.5,11.0,48.0,28.4,80.0,14.2,999.0
2025-07-29,62.2,22.7,207.0,10.4,8.9,51.0,28.2,83.0,15.2,999.6
2025-07-30,48.0,22.0,207.0,10.5,9.2,51.0,27.8,86.0,15.0,999.3
2025-07-31,65.4,26.2,245.0,13.3,10.2,48.0,27.6,89.0,11.0,999.0
2025-08-01,47.7,24.0,258.0,18.5,11.6,37.0,27.3,91.0,10.6,1000.3
2025-08-02,59.8,25.6,226.0,17.4,10.9,39.0,27.1,89.0,13.8,1002.4
2025-08-03,51.1,21.5,213.0,14.5,9.5,43.0,27.1,87.0,13.3,1002.6
2025-08-04,39.6,17.5,243.0,17.7,11.0,39.0,27.3,86.0,11.5,1004.6
2025-08-05,38.1,17.1,185.0,13.4,8.9,43.0,27.0,87.0,15.1,1004.3
2025-08-06,40.4,20.1,210.0,12.3,8.4,45.0,26.7,88.0,14.6,1004.3
2025-08-07,50.2,23.7,241.0,17.3,10.7,38.0,26.7,88.0,11.7,1004.7
2025-08-08,42.0,21.5,233.0,15.9,9.7,39.0,26.9,85.0,13.4,1004.9
2025-08-09,30.6,15.3,207.0,10.7,8.6,44.0,27.1,84.0,15.0,1006.7
2025-08-10,32.6,16.8,199.0,13.8,9.4,38.0,26.8,88.0,12.5,1006.7
2025-08-11,42.4,20.0,196.0,12.7,8.7,39.0,26.8,86.0,13.5,1005.9
2025-08-12,37.8,18.6,187.0,9.9,7.9,41.0,27.1,81.0,17.5,1004.3
2025-08-13,49.8,25.9,242.0,13.2,9.2,38.0,27.0,86.0,13.5,1002.1
2025-08-14,43.9,20.9,366.0,21.4,12.4,29.0,27.2,88.0,4.8,1001.3
2025-08-15,49.6,21.5,270.0,28.7,13.0,23.0,27.6,89.0,4.4,1002.3
2025-08-16,61.7,27.7,288.0,37.4,15.5,13.0,28.1,85.0,2.9,1001.3
2025-08-17,50.6,24.4,235.0,30.8,13.8,19.0,28.2,85.0,7.9,1000.7
2025-08-18,40.4,22.1,320.0,33.2,16.3,15.0,28.9,83.0,7.6,1001.4
2025-08-19,37.4,22.9,275.0,26.2,16.1,35.0,27.9,89.0,6.8,1002.1
2025-08-20,40.0,27.6,300.0,35.1,14.9,29.0,27.5,90.0,9.6,1000.1
2025-08-21,40.0,27.6,300.0,35.1,14.9,29.0,27.5,90.0,9.6,1000.1
2025-08-22,41.7,39.6,1146.0,63.8,26.3,9.0,27.4,97.0,6.8,1002.6
2025-08-23,35.7,21.7,225.0,13.1,8.2,52.0,27.5,89.0,15.7,1001.3
2025-08-24,42.7,19.4,208.0,12.0,7.5,43.0,27.4,91.0,15.3,1001.0
2025-08-25,38.5,16.9,246.0,13.6,8.1,41.0,27.3,90.0,12.4,1003.1
2025-08-26,61.5,24.0,375.0,26.7,11.6,24.0,27.0,90.0,11.7,1002.1
2025-08-27,83.4,31.2,302.0,28.0,12.5,23.0,26.7,94.0,10.3,1003.5
2025-08-28,57.4,26.1,281.0,24.8,11.0,28.0,26.7,92.0,9.1,1003.9
2025-08-29,75.0,31.1,245.0,19.8,10.2,36.0,26.8,91.0,10.3,1003.1
2025-08-30,88.0,38.3,435.0,32.5,12.0,23.0,26.8,91.0,7.4,1003.9
2025-08-31,72.9,34.0,344.0,29.7,13.5,27.0,27.2,92.0,9.2,1004.6
2025-09-01,48.1,19.9,212.0,14.9,8.2,40.0,26.7,89.0,13.6,1002.2
2025-09-02,47.8,24.4,236.0,16.2,8.5,44.0,26.7,86.0,12.1,1001.2
2025-09-03,65.0,33.5,336.0,29.0,10.9,22.0,27.1,83.0,7.9,1003.9
2025-09-04,61.7,31.2,260.0,28.9,12.5,24.0,26.9,83.0,10.2,1005.1
2025-09-05,47.0,22.3,198.0,16.7,9.3,36.0,26.8,86.0,12.7,1006.0
2025-09-06,49.7,26.4,172.0,14.7,9.2,40.0,27.3,85.0,13.4,1005.7
2025-09-07,41.7,24.8,200.0,21.7,11.6,34.0,26.9,88.0,11.4,1004.3
2025-09-08,50.5,28.2,239.0,17.5,11.0,38.0,27.0,85.0,13.3,1002.2
2025-09-09,55.6,31.5,274.0,36.3,15.2,18.0,26.3,94.0,10.2,1003.4
2025-09-10,19.7,18.9,235.0,34.9,13.5,29.0,25.6,94.0,4.4,1004.6
2025-09-11,47.8,29.5,438.0,40.5,14.5,8.0,26.2,90.0,10.6,1007.2
2025-09-12,29.2,16.4,334.0,26.0,10.4,18.0,26.5,88.0,10.3,1007.4
2025-09-13,26.5,17.5,368.0,31.3,11.2,12.0,26.5,88.0,8.2,1008.6
2025-09-14,19.3,12.8,266.0,21.4,9.5,25.0,26.6,87.0,11.3,1008.5
2025-09-15,22.6,13.4,194.0,13.1,7.9,33.0,26.6,85.0,16.4,1008.2
2025-09-16,21.4,13.0,175.0,11.0,7.2,35.0,26.8,86.0,15.6,1005.6
2025-09-17,34.5,20.4,300.0,20.0,10.1,27.0,26.9,89.0,10.9,1005.8
2025-09-18,51.2,27.9,436.0,38.3,13.5,10.0,26.4,92.0,6.8,1006.7
2025-09-19,77.5,31.2,391.0,36.1,12.7,14.0,26.5,93.0,7.9,1006.8
2025-09-20,77.5,31.2,391.0,36.1,12.7,14.0,26.5,93.0,7.9,1006.8
2025-09-21,69.6,29.2,329.0,34.8,12.1,15.0,26.1,85.0,9.4,1007.9
2025-09-22,52.2,23.2,244.0,26.0,10.7,27.0,26.3,82.0,10.6,1007.5
2025-09-23,29.3,15.4,212.0,16.0,8.6,38.0,26.8,83.0,12.3,1008.3
2025-09-24,37.4,20.4,222.0,17.7,8.6,35.0,26.9,80.0,12.5,1006.8
2025-09-25,47.3,23.2,286.0,24.3,9.9,26.0,26.6,87.0,9.3,1005.1
2025-09-26,47.3,23.2,286.0,24.3,9.9,26.0,26.6,87.0,9.3,1005.1
2025-09-27,42.0,28.4,451.0,41.2,15.4,9.0,25.7,90.0,8.7,1009.2
2025-09-28,31.1,21.9,253.0,32.5,11.9,19.0,26.1,95.0,11.8,1008.7
2025-09-29,62.4,29.6,190.0,18.4,8.2,37.0,26.8,95.0,16.5,1003.5
2025-09-30,44.4,39.2,712.0,59.8,23.6,18.0,30.2,67.0,3.3,1000.9
2025-10-01,27.0,26.9,449.0,23.0,9.4,53.0,27.9,80.0,9.4,1001.2
2025-10-02,27.0,26.9,449.0,23.0,9.4,53.0,27.9,80.0,9.4,1001.2
2025-10-03,27.0,26.9,449.0,23.0,9.4,53.0,27.9,80.0,9.4,1001.2
2025-10-04,16.9,12.3,481.0,12.3,6.2,41.0,26.3,94.0,12.9,1009.1
2025-10-05,19.5,14.9,313.0,22.3,9.1,30.0,27.0,90.0,11.1,1008.3
2025-10-06,27.0,15.7,208.0,13.2,7.3,51.0,27.7,82.0,16.5,1007.7
2025-10-07,42.7,18.5,199.0,7.9,6.1,53.0,27.5,81.0,17.3,1009.1
2025-10-08,115.9,42.1,688.0,52.5,14.7,9.0,26.6,69.0,9.8,1010.8
2025-10-09,115.9,42.1,688.0,52.5,14.7,9.0,26.6,69.0,9.8,1010.8
2025-10-10,79.6,39.6,689.0,51.7,16.1,15.0,25.9,79.0,6.9,1013.2
2025-10-11,76.4,45.2,880.0,49.6,15.3,23.0,25.6,75.0,6.8,1011.8
2025-10-12,64.0,44.5,645.0,49.9,16.6,23.0,25.1,80.0,6.7,1012.9
2025-10-13,63.6,47.6,604.0,38.2,14.5,52.0,25.2,76.0,7.0,1012.9
2025-10-14,60.1,49.9,767.0,49.2,17.5,32.0,25.0,78.0,7.7,1012.4
2025-10-15,40.4,34.3,432.0,32.2,13.3,61.0,25.6,72.0,8.6,1010.1
2025-10-16,39.6,37.0,603.0,36.5,16.5,58.0,25.7,68.0,7.9,1010.8
2025-10-17,51.8,47.1,772.0,54.7,20.1,43.0,26.2,54.0,6.2,1011.8
2025-10-18,49.8,45.4,782.0,56.0,21.9,50.0,25.5,61.0,7.6,1012.9
2025-10-19,40.7,36.1,750.0,55.8,17.7,33.0,24.7,89.0,6.3,1010.9
2025-10-20,32.6,28.2,662.0,41.4,15.8,45.0,25.8,76.0,9.0,1009.7
2025-10-21,42.5,36.9,867.0,64.2,19.2,21.0,25.9,61.0,8.5,1010.7
2025-10-22,42.5,36.9,867.0,64.2,19.2,21.0,25.9,61.0,8.5,1010.7
2025-10-23,60.8,52.9,809.0,62.1,14.8,25.0,28.5,34.0,6.1,1012.3
2025-10-24,60.8,52.9,809.0,62.1,14.8,25.0,28.5,34.0,6.1,1012.3
2025-10-25,60.8,52.9,809.0,62.1,14.8,25.0,28.5,34.0,6.1,1012.3
2025-10-26,32.9,28.9,470.0,34.4,11.2,60.0,28.2,27.0,8.5,1009.4
2025-10-27,27.5,25.8,496.0,22.5,12.7,81.0,28.7,29.0,12.8,1008.7
2025-10-28,31.8,29.2,385.0,11.4,13.5,103.0,29.0,26.0,16.6,1009.4
2025-10-29,53.9,49.7,424.0,12.2,14.9,108.0,28.2,39.0,15.3,1010.8
2025-10-30,35.0,31.2,400.0,20.3,9.3,59.0,27.5,36.0,12.5,1008.9
2025-10-31,38.6,34.9,429.0,26.5,14.7,67.0,28.0,34.0,11.5,1010.5
2025-11-01,38.6,34.9,429.0,26.5,14.7,67.0,28.0,34.0,11.5,1010.5
2025-11-02,38.6,34.9,429.0,26.5,14.7,67.0,28.0,34.0,11.5,1010.5
2025-11-03,55.3,45.1,776.0,37.8,13.3,37.0,24.1,79.0,7.0,1011.4
2025-11-04,52.2,30.6,788.0,28.6,9.8,48.0,25.6,91.0,10.4,1009.6
2025-11-05,50.3,29.9,296.0,24.6,14.3,51.0,25.8,16.0,15.6,1010.3
2025-11-06,50.3,29.9,296.0,24.6,14.3,51.0,25.8,16.0,15.6,1010.3
2025-11-07,86.6,63.3,1117.0,69.7,21.4,16.0,21.5,83.0,6.3,1014.4
2025-11-08,55.1,43.5,865.0,31.4,12.5,60.0,22.4,66.0,7.0,1015.9
